{
  "depth_1": {
    "f1_macro_mean": 0.63202149517939,
    "accuracy_mean": 0.8634920634920634,
    "cv_scores": [
      0.6296296296296297,
      0.6296296296296297,
      0.6296296296296297,
      0.6315789473684211,
      0.6396396396396397
    ]
  },
  "depth_3": {
    "f1_macro_mean": 0.9847619047619048,
    "accuracy_mean": 0.9925925925925926,
    "cv_scores": [
      1.0,
      1.0,
      1.0,
      1.0,
      0.9238095238095237
    ]
  }
}