{
  "depth_1": {
    "f1_macro_mean": 0.5833333333333334,
    "accuracy_mean": 0.75,
    "cv_scores": [
      0.5833333333333334,
      0.5333333333333333,
      0.6,
      0.6,
      0.6
    ]
  },
  "depth_3": {
    "f1_macro_mean": 0.9564021164021164,
    "accuracy_mean": 0.95,
    "cv_scores": [
      1.0,
      0.8962962962962964,
      0.8857142857142857,
      1.0,
      1.0
    ]
  }
}