{
  "n_samples": 139,
  "class_counts": {
    "0": 19,
    "1": 82,
    "2": 38
  },
  "best_params": {
    "class_weight": null,
    "max_depth": 2,
    "min_samples_leaf": 1
  },
  "best_score_f1_macro": 0.9884559884559885,
  "classification_report": {
    "0": {
      "precision": 1.0,
      "recall": 0.9473684210526315,
      "f1-score": 0.972972972972973,
      "support": 19.0
    },
    "1": {
      "precision": 0.9879518072289156,
      "recall": 1.0,
      "f1-score": 0.9939393939393939,
      "support": 82.0
    },
    "2": {
      "precision": 1.0,
      "recall": 1.0,
      "f1-score": 1.0,
      "support": 38.0
    },
    "accuracy": 0.9928057553956835,
    "macro avg": {
      "precision": 0.9959839357429718,
      "recall": 0.9824561403508771,
      "f1-score": 0.9889707889707889,
      "support": 139.0
    },
    "weighted avg": {
      "precision": 0.9928924330415186,
      "recall": 0.9928057553956835,
      "f1-score": 0.9927303366152287,
      "support": 139.0
    }
  },
  "confusion_matrix": [
    [
      18,
      1,
      0
    ],
    [
      0,
      82,
      0
    ],
    [
      0,
      0,
      38
    ]
  ],
  "depth_comparison": {
    "depth_1": {
      "f1_macro_mean": 0.63202149517939,
      "accuracy_mean": 0.8634920634920634,
      "cv_scores": [
        0.6296296296296297,
        0.6296296296296297,
        0.6296296296296297,
        0.6315789473684211,
        0.6396396396396397
      ]
    },
    "depth_3": {
      "f1_macro_mean": 0.9847619047619048,
      "accuracy_mean": 0.9925925925925926,
      "cv_scores": [
        1.0,
        1.0,
        1.0,
        1.0,
        0.9238095238095237
      ]
    }
  },
  "feature_importances": [
    0.38162712690266903,
    0.0,
    0.6183728730973309,
    0.0
  ],
  "feature_names": [
    "status_enc",
    "ttic_enc",
    "ttd",
    "sto_enc"
  ]
}