{
  "n_samples": 40,
  "class_counts": {
    "0": 12,
    "1": 19,
    "2": 9
  },
  "best_params": {
    "class_weight": null,
    "max_depth": 2,
    "min_samples_leaf": 1
  },
  "best_score_f1_macro": 0.9792592592592593,
  "classification_report": {
    "0": {
      "precision": 1.0,
      "recall": 0.9166666666666666,
      "f1-score": 0.9565217391304348,
      "support": 12.0
    },
    "1": {
      "precision": 0.95,
      "recall": 1.0,
      "f1-score": 0.9743589743589743,
      "support": 19.0
    },
    "2": {
      "precision": 1.0,
      "recall": 1.0,
      "f1-score": 1.0,
      "support": 9.0
    },
    "accuracy": 0.975,
    "macro avg": {
      "precision": 0.9833333333333334,
      "recall": 0.9722222222222222,
      "f1-score": 0.976960237829803,
      "support": 40.0
    },
    "weighted avg": {
      "precision": 0.97625,
      "recall": 0.975,
      "f1-score": 0.9747770345596433,
      "support": 40.0
    }
  },
  "confusion_matrix": [
    [
      11,
      1,
      0
    ],
    [
      0,
      19,
      0
    ],
    [
      0,
      0,
      9
    ]
  ],
  "depth_comparison": {
    "depth_1": {
      "f1_macro_mean": 0.5833333333333334,
      "accuracy_mean": 0.75,
      "cv_scores": [
        0.5833333333333334,
        0.5333333333333333,
        0.6,
        0.6,
        0.6
      ]
    },
    "depth_3": {
      "f1_macro_mean": 0.9564021164021164,
      "accuracy_mean": 0.95,
      "cv_scores": [
        1.0,
        0.8962962962962964,
        0.8857142857142857,
        1.0,
        1.0
      ]
    }
  },
  "feature_importances": [
    0.4957723696787002,
    0.0,
    0.5042276303212998,
    0.0
  ],
  "feature_names": [
    "status_enc",
    "ttic_enc",
    "ttd",
    "sto_enc"
  ]
}